Metric,Value
Gender Match %,79.42122186495176
Age Exact Match %,20.90032154340836
Age Partial Match %,30.54662379421222
Overall Match %,42.12218649517685
