Metric,Value
Gender Accuracy (%),88.48920863309353
Age Accuracy – Exact (%),16.834532374100718
Age Partial Match (%),44.460431654676256
Overall Accuracy (%),14.244604316546763
