Metric,Value
Gender Accuracy (%),88.48920863309353
Age Accuracy – Exact (%),18.992805755395683
Age Partial Match (%),32.66187050359712
Overall Accuracy (%),18.27338129496403
