Metric,Value
Gender Match %,88.48920863309353
Age Exact Match %,18.992805755395683
Age Partial Match %,32.66187050359712
Overall Match %,46.47482014388489
