Metric,Value
Gender Match %,88.48920863309353
Age Exact Match %,16.834532374100718
Age Partial Match %,44.460431654676256
Overall Match %,54.67625899280576
