Metric,Value
Gender Match %,79.42122186495176
Age Exact Match %,16.39871382636656
Age Partial Match %,42.12218649517685
Overall Match %,45.98070739549839
